point,stratification_number,radius,volume,scaling_coeff,dimension,ricci,pvalue
0,0,0.21025678859272864,10,0.36167362737095904,2.3045805705023468,0.0,1.0
1,0,0.16100576374665948,10,0.27786520121974695,2.0072452155812326,0.0,1.0
2,0,0.20887144450812395,10,0.19942225827661658,1.8415085076230617,0.0,1.0
3,0,0.15909845711761833,10,0.23451556275668742,1.6536204625433835,0.0,1.0
4,0,0.15648750902726477,10,0.23149137062120226,1.662380933405413,0.0,1.0
5,0,0.21968409342248274,10,0.2427498439288119,2.0982237390910643,0.0,1.0
6,0,0.18274039728752015,10,0.23659818830796467,1.8605792675639823,0.0,1.0
7,0,0.23535981976516115,10,0.23035437893129584,2.167640945495614,0.0,1.0
8,0,0.19698591817854078,10,0.17940951083388282,1.77607650268548,0.0,1.0
9,0,0.24397817442867445,10,0.3546106051340336,2.4020340638655657,0.0,1.0
10,0,0.16298858805579217,10,0.21338005568192858,1.7523309553090656,0.0,1.0
11,0,0.21289737754276408,10,0.21120719199392637,1.9886186105584285,0.0,1.0
12,0,0.2045568779501756,10,0.23509949176448938,2.158288355406321,0.0,1.0
13,0,0.17339944363062393,10,0.2200259926865182,1.7321126081063973,0.0,1.0
14,0,0.1829746780573923,10,0.23931780734695696,1.8518326368378824,0.0,1.0
15,0,0.19552128370680819,10,0.3050713738549406,2.0323086884218187,0.0,1.0
16,0,0.1628570897143511,10,0.252428185505867,1.9226336328862323,0.0,1.0
17,0,0.1703195290539325,10,0.2792224591946132,1.88577851964979,0.0,1.0
18,0,0.25259440775907355,10,0.3233679368453674,2.415046234306453,0.0,1.0
19,0,0.21161466252359393,10,0.22791405931055797,1.9678924124202326,0.0,1.0
20,0,0.23041271924847676,10,0.2679322168969344,2.1508187841884245,0.0,1.0
21,0,0.23277242219323774,10,0.30538194758229853,2.0274871146242686,0.0,1.0
22,0,0.21655208707548962,10,0.2516501269609259,1.9676024104937944,0.0,1.0
23,0,0.18615495815165933,10,0.29674219172353755,2.0671789785247734,0.0,1.0
24,0,0.22392960690484234,10,0.261572844841396,2.237200359366247,0.0,1.0
25,0,0.20124645780122385,10,0.26150355459095187,1.9404243224840036,0.0,1.0
26,0,0.2354579079608547,10,0.3154345270404752,2.4661354264759323,0.0,1.0
27,0,0.2061352547502016,10,0.2062745833384251,1.8801545900843795,0.0,1.0
28,0,0.20385785090912614,10,0.3184707547771024,2.072876271932148,0.0,1.0
29,0,0.19687048410419575,10,0.20785718066294914,1.8525264334237477,0.0,1.0
30,0,0.13457755236490976,10,0.18575408868273743,1.5492120749021328,0.0,1.0
31,0,0.20724128481194407,10,0.3129573754546431,2.250491877425136,0.0,1.0
32,0,0.179882841738039,10,0.2882247009695979,2.0828217113808765,0.0,1.0
33,0,0.21844790496188907,10,0.24465863256476728,2.0863077601845683,0.0,1.0
34,0,0.21717285935637784,10,0.3560650798911481,2.3246926864764466,0.0,0.00011254193768193265
34,1,0.4934448883954166,74,0.23143018251027556,1.5877800953493557,0.0,1.0
35,0,0.20579001470261876,10,0.18719257725558217,1.7376695014424424,0.0,1.0
36,0,0.20559049010741223,10,0.2679649288942859,2.0274050555316974,0.0,1.0
37,0,0.20641938390020903,10,0.2733833172483412,2.1213061084078486,0.0,1.0
38,0,0.22035921517673898,10,0.29892950996646706,2.07181382365352,0.0,1.0
39,0,0.18357701659671974,10,0.25696197348050537,1.8489500273742292,0.0,1.0
40,0,0.20512541216716934,10,0.20536796368235305,1.9987295596395558,0.0,1.0
41,0,0.15691607316796774,10,0.18254936414852263,1.5632507263662616,0.0,1.0
42,0,0.20110190445697684,10,0.3060643415465,2.1377041615204804,0.0,1.0
43,0,0.2081345715773021,10,0.28532072100847955,2.0451161588009046,0.0,1.0
44,0,0.21006348735436997,10,0.3195306132206867,2.054212734137307,0.0,1.0
45,0,0.19701008535098455,10,0.3137858636394062,2.2219027972954,0.0,1.0
46,0,0.17985811837662458,10,0.29388065010896297,1.9475324621124679,0.0,1.0
47,0,0.22060365038081428,10,0.3911845179318561,2.371778632347656,0.0,1.0
48,0,0.21454547434734672,10,0.30285472929620216,2.0537171346255105,0.0,1.0
49,0,0.23711527678821567,10,0.24676436235579213,2.139408458651524,0.0,1.0
50,0,0.17670640574575805,10,0.22329526900899463,1.8912086726945236,0.0,1.0
51,0,0.1741534825277653,10,0.2702233872237572,1.8700754626505685,0.0,1.0
52,0,0.19118512669634458,10,0.20419925687124285,1.8671519831660153,0.0,1.0
53,0,0.21281232441233594,10,0.22309863606861466,2.0132370763369876,0.0,1.0
54,0,0.230456603559801,10,0.25702910161253134,2.082970058036097,0.0,1.0
55,0,0.20504439820445836,10,0.19113636326137,1.9025657219835859,0.0,1.0
56,0,0.177758197290856,10,0.18581790784252003,1.649146587034965,0.0,1.0
57,0,0.1842997341563911,10,0.25250788089633996,1.9832557541556315,0.0,1.0
58,0,0.2785393155969576,10,0.2707849840155527,2.57451316804135,0.0,1.0
59,0,0.2040357632657837,10,0.2801832825289728,2.2014845296962475,0.0,7.028700986451864e-06
59,1,0.3902495590817879,39,0.23088742956262584,1.8632049327338995,0.0,1.0
60,0,0.22392960690484234,10,0.2231274569137011,2.0230268646875578,0.0,1.0
61,0,0.1983656003035753,10,0.1997668285501991,1.7707280367081133,0.0,1.0
62,0,0.184284084174382,10,0.24773085543558157,1.8699824507654372,0.0,1.0
63,0,0.19646401287661483,10,0.25438046033909595,1.9241612635069139,0.0,1.0
64,0,0.20233063231047205,10,0.18740102960594496,1.706419983309377,0.0,1.0
65,0,0.21238036110784209,10,0.23436471681926266,2.0066874275841022,0.0,1.0
66,0,0.26814347432669255,10,0.22618125395824215,2.1929690906253283,0.0,1.0
67,0,0.21194646947252316,10,0.3045947592261206,2.204793358005688,0.0,1.0
68,0,0.2165159000229871,10,0.30260173467109514,2.219684708634334,0.0,1.0
69,0,0.17776637731623432,10,0.28514137906865517,1.9908253281452828,0.0,1.0
70,0,0.11165537967010884,10,0.1686832031022365,1.4510660729835883,0.0,1.0
71,0,0.16634992909009835,10,0.23074264844468595,1.6903938876562354,0.0,1.0
72,0,0.19882329113779817,10,0.2083606915753711,1.8702740602687384,0.0,1.0
73,0,0.18375446619325908,10,0.28190247564938126,1.9630220684768593,0.0,1.0
74,0,0.19251752273911807,10,0.22421149399266424,1.8041881670526967,0.0,1.0
75,0,0.25759772984265894,10,0.23766077609665046,2.254379535857246,0.0,1.0
76,0,0.21539120058987393,10,0.24608550907641047,2.086506921695131,0.0,1.0
77,0,0.14243404440437826,10,0.2376512979091143,1.7270023601878013,0.0,1.0
78,0,0.2224880888514574,10,0.29069629140570885,2.0190991112615646,0.0,1.0
79,0,0.20966863229563318,10,0.25180002048719524,1.9734275318921553,0.0,1.0
80,0,0.17348805725236813,10,0.23307347016230462,1.827351276371718,0.0,1.0
81,0,0.21751720456594834,10,0.2487139847452285,1.9869604718585536,0.0,1.0
82,0,0.18154449834159403,10,0.1876069265336042,1.665426935982097,0.0,1.0
83,0,0.19869745201011366,10,0.2734768281946398,2.225407981853668,0.0,1.0
84,0,0.21194646947252316,10,0.27546719455362084,2.104586426364532,0.0,1.0
85,0,0.18794399936859163,10,0.2943082158592146,2.1105427369784233,0.0,1.0
86,0,0.24510097103590692,10,0.3854551034119246,2.4105164759959905,0.0,1.0
87,0,0.2630180525675877,10,0.2650524800608255,2.399614805103919,0.0,1.0
88,0,0.22333567948719085,10,0.32900236282781203,2.318754504088357,0.0,1.0
89,0,0.2272538584793565,10,0.2147581481247505,1.9512334838853176,0.0,1.0
90,0,0.17344365211266033,10,0.21238465239180054,1.797756436091743,0.0,0.0002770977761379052
90,1,0.4235835908954736,48,0.2643474502181132,1.959998586414848,0.0,1.0
91,0,0.20235067705534496,10,0.30171586434364134,1.9929968136018,0.0,1.0
92,0,0.21449071468863937,10,0.2312424944530229,2.0490009699821594,0.0,1.0
93,0,0.2365232363515389,10,0.34361976775056097,2.354362660071295,0.0,1.0
94,0,0.22593603716996172,10,0.24637365805564732,1.9570627104132756,0.0,1.0
95,0,0.24219581473613105,10,0.24768722290184694,2.2179784168341374,0.0,1.0
96,0,0.19701008535098455,10,0.2876454229514504,1.981275015142882,0.0,1.0
97,0,0.21739895552046137,10,0.2688871308698711,1.9795126797370075,0.0,1.0
98,0,0.12410676019521218,10,0.21820484473454554,1.7748680298397432,0.0,1.0
99,0,0.22074410717418866,10,0.24583714521509722,2.134459045432775,0.0,1.0
100,0,0.22044795145702334,10,0.2276244304092705,2.087129548879059,0.0,1.0
101,0,0.17538183141289557,10,0.2393671177705871,1.6718754021158764,0.0,1.0
102,0,0.17048337021742957,10,0.177541749876652,1.5880815111451447,0.0,1.0
103,0,0.21700247544138931,10,0.23672612345739086,2.0510732337439377,0.0,1.0
104,0,0.28455272276331034,10,0.33294612932904083,2.5955235224296427,0.0,1.0
105,0,0.2141690568814189,10,0.24738980599491953,2.064678629836712,0.0,1.0
106,0,0.16470101137352258,10,0.221104243286472,1.810666629950509,0.0,1.0
107,0,0.15986523600974667,10,0.2402686420260587,1.7649494214343378,0.0,1.0
108,0,0.20236295206359564,10,0.30499137577594004,2.0576570586479304,0.0,1.0
109,0,0.24057035768271667,10,0.2633077484281585,2.2177731323953433,0.0,1.0
110,0,0.14163061843977856,10,0.22753987137752069,1.647320005343125,0.0,1.0
111,0,0.2337545360381416,10,0.2537078602986847,2.1338935471847105,0.0,1.0
112,0,0.19980220579256308,10,0.25676908379493885,1.9086331843337452,0.0,1.0
113,0,0.18461783701198434,10,0.28276699143970907,1.9400958343396726,0.0,1.0
114,0,0.1394130400214736,10,0.21427466799053146,1.6080578325314165,0.0,1.0
115,0,0.19374556036732188,10,0.18541531300682268,1.6910633840118163,0.0,1.0
116,0,0.20950863275541215,10,0.27223403688074466,2.2242222845578565,0.0,1.0
117,0,0.18575314569400198,10,0.2465195219627822,1.837996616377451,0.0,1.0
118,0,0.22727356550313163,10,0.22335586310223834,2.015876007723499,0.0,1.0
119,0,0.1933929103884885,10,0.3005182924860426,2.1045358308164057,0.0,0.0001686491969723463
119,1,0.4358078347076959,56,0.24976060368232997,1.7515751929428487,0.0,1.0
120,0,0.1681899956652089,10,0.24671123462218028,1.8435660222533001,0.0,1.0
121,0,0.12851799446426906,10,0.20665394560023187,1.6907137414929956,0.0,1.0
122,0,0.23378946505850692,10,0.25400158898582104,2.205341193781939,0.0,1.0
123,0,0.2318151622492213,10,0.21687663023391313,2.082432221103304,0.0,1.0
124,0,0.22574989038118598,10,0.22814175137148526,2.1089600834321267,0.0,1.0
125,0,0.24513273901637353,10,0.3780894677757612,2.383000696608925,0.0,1.0
126,0,0.21887464934007692,10,0.21224789319860576,2.056738893359601,0.0,1.0
127,0,0.24854054437051892,10,0.3195102370033103,2.313730256684318,0.0,1.0
128,0,0.22046148998024517,10,0.29721238054430943,2.2128973098665554,0.0,1.0
129,0,0.19414808003993062,10,0.22836407314065482,1.7342287837608208,0.0,1.0
130,0,0.2162701093203651,10,0.3637162753743391,2.263365287462882,0.0,1.0
131,0,0.18552443399406893,10,0.2770979193875741,1.9597120584609267,0.0,1.0
132,0,0.1449667980313495,10,0.2282946069972219,1.718051545929987,0.0,1.0
133,0,0.26893534309281486,10,0.26631683503913467,2.458745544684437,0.0,1.0
134,0,0.2548064450795383,10,0.23041420651489355,2.147090532413019,0.0,1.0
135,0,0.18337741525930767,10,0.43023058099429307,2.1354821827148567,0.0,0.00012037773158293424
135,1,0.3895617220664027,55,0.17161894531917188,1.1537877988190297,0.0,1.0
136,0,0.22559880016066475,10,0.22969316838992568,2.0096889094589456,0.0,1.0
137,0,0.18481585348991006,10,0.18867361061938584,1.8214228612608512,0.0,1.0
138,0,0.2160543410701027,10,0.31563684829250577,2.1012720779206564,0.0,1.0
139,0,0.15917953422343442,10,0.24258868508060114,1.9008290533805265,0.0,1.0
140,0,0.15476185348057855,10,0.22754593928584688,1.7263360736492406,0.0,1.0
141,0,0.20610538288093871,10,0.2914940467859318,2.151626147209278,0.0,1.0
142,0,0.19526577378275115,10,0.2149399716079851,1.9045619279161932,0.0,1.0
143,0,0.21772463132041264,10,0.2241235279021315,2.0319765670035763,0.0,1.0
144,0,0.22885638628588448,10,0.24270878367306006,1.9818269006241367,0.0,1.0
145,0,0.22128766443167977,10,0.24299573474667793,2.0293036051997517,0.0,1.0
146,0,0.21432854262471546,10,0.33712900457506395,2.26767768414613,0.0,1.0
147,0,0.23951108810217822,10,0.23450176706529097,2.1728387210750193,0.0,1.0
148,0,0.2163071643850023,10,0.22323623519452035,1.9501680455003905,0.0,1.0
149,0,0.1836122312119418,10,0.2976092665293509,1.9858159424313646,0.0,1.0
150,0,0.2013829400112166,10,0.2563274470926675,2.026844930879621,0.0,1.0
151,0,0.25107597995872394,10,0.34051015347533253,2.553564022325417,0.0,1.0
152,0,0.19899645927117707,10,0.3584756186528157,2.2213514137479184,0.0,1.0
153,0,0.1787805994815972,10,0.23336406357773964,1.7790723632869638,0.0,1.0
154,0,0.2014929980921079,10,0.22323152064678567,1.9226940140018274,0.0,0.0001872203251208024
154,1,0.5169968203587668,67,0.17462709335538223,1.5220061574318557,0.0,1.0
155,0,0.1860202485000537,10,0.20976760116775947,1.84225375273601,0.0,0.00024502407214144374
155,1,0.4821854571316401,57,0.3825654201022977,2.605756300502668,0.0,1.0
156,0,0.21199852130743435,10,0.22353581310072168,1.8920352661990962,0.0,1.0
157,0,0.17830292748816823,10,0.17916956919605748,1.742576951066441,0.0,1.0
158,0,0.16388070519961564,10,0.23954670817109114,1.7703512919208766,0.0,1.0
159,0,0.1932384609624441,10,0.27085502991395555,1.9038509443401346,0.0,1.0
160,0,0.19395388985669346,10,0.3817894996443734,2.3037097230810684,0.0,1.0
161,0,0.25336301430844693,10,0.26073864258034474,2.1404218814570233,0.0,1.0
162,0,0.2698307125278052,10,0.20663112515019175,2.1062114532923055,0.0,1.0
163,0,0.1672496367660045,10,0.23428764399988794,1.7242297217955251,0.0,1.0
164,0,0.16833741656396065,10,0.2685557446253316,2.0641691679406113,0.0,1.0
165,0,0.18573023253040985,10,0.20420920629269168,1.7797621388966378,0.0,1.0
166,0,0.17718301001916884,10,0.2187425577042245,1.7802470203729637,0.0,1.0
167,0,0.20284994612806057,10,0.2017525985444935,1.9937550868474214,0.0,1.0
168,0,0.19835751703007382,10,0.2896764162452578,2.1160134130966144,0.0,1.0
169,0,0.2265162824325118,10,0.2452926780478729,2.1577439709508885,0.0,1.0
170,0,0.22395706773354357,10,0.24395025795996683,1.9535067641116153,0.0,1.0
171,0,0.17998379739507006,10,0.2582811030395038,1.9983664393504474,0.0,1.0
172,0,0.16625009133136504,10,0.21655306840765537,1.7482034101449861,0.0,1.0
173,0,0.16003167487450864,10,0.24483584492974084,1.7969455015213738,0.0,1.0
174,0,0.22458717950708743,10,0.25736818339631157,2.2870375550248703,0.0,1.0
175,0,0.2499747808150699,10,0.2909315192646842,2.4371540492266375,0.0,1.0
176,0,0.22246433530413917,10,0.22828951458454638,2.03208762122601,0.0,1.0
177,0,0.21271027381272659,10,0.2783027702837304,2.0953949613943545,0.0,1.0
178,0,0.25366160345583083,10,0.24093048186645777,2.069137762566593,0.0,1.0
179,0,0.1931016561619024,10,0.27195578537189075,1.8834258459564814,0.0,1.0
180,0,0.1715360981476582,10,0.2924622576524594,1.9867475219807618,0.0,1.0
181,0,0.23103958691391094,10,0.25015669897511067,2.148407285646639,0.0,1.0
182,0,0.22075558326988318,10,0.4123219523197367,2.459408739103311,0.0,1.0
183,0,0.19090291081716496,10,0.25829596171265545,1.974132501740856,0.0,1.0
184,0,0.19398201370791768,10,0.24913552661688998,1.9870580807338432,0.0,1.0
185,0,0.23182320790145683,10,0.2305366820287816,2.0540631682181663,0.0,1.0
186,0,0.16171196270110738,10,0.23365988058588846,1.744957617471722,0.0,1.0
187,0,0.2297927454933641,10,0.23005599929899848,2.124581413095687,0.0,1.0
188,0,0.19426387585596033,10,0.21185074671578474,1.9425115075341888,0.0,1.0
189,0,0.2581528614887041,10,0.27902925855413413,2.3832439201415934,0.0,1.0
190,0,0.16948179043819148,10,0.24413862911230752,1.7624753685352137,0.0,1.0
191,0,0.20883755730435535,10,0.3173703104238302,2.1622092492671316,0.0,1.0
192,0,0.2530866514686983,10,0.3517021347683617,2.448007829263577,0.0,0.0003137132698899073
192,1,0.47874036189650204,57,0.3207997349938595,2.3091714684642466,0.0,1.0
193,0,0.3071146901744503,10,0.3044475052482444,2.775510414625873,0.0,1.0
194,0,0.13553544176917154,10,0.2629204101903523,1.8131333044261602,0.0,1.0
195,0,0.19686568099640409,10,0.1809815198281413,1.7610245811576313,0.0,1.0
196,0,0.18546272591214213,10,0.2369266921219582,1.80607151357975,0.0,1.0
197,0,0.14545844645822975,10,0.2016425710477999,1.687020225166582,0.0,1.0
198,0,0.16268655292237877,10,0.2645560441007511,1.9865539600759596,0.0,1.0
199,0,0.24773724950839096,10,0.29105276853905193,2.3311436529134224,0.0,1.0
200,0,0.21365830537777028,10,0.20143614224313827,1.9588522621095141,0.0,1.0
201,0,0.1644643659961885,10,0.22522817928968977,1.8031647130434343,0.0,1.0
202,0,0.1459925087816397,10,0.21237458903815118,1.6099835071962416,0.0,1.0
203,0,0.21096354643049636,10,0.21939382729669918,1.9168975984326841,0.0,1.0
204,0,0.19184158102823498,10,0.34335840193699674,2.3375569143328288,0.0,1.0
205,0,0.17791369335255228,10,0.22367644638203463,1.872113383971078,0.0,1.0
206,0,0.21753528283292892,10,0.34975462229964666,2.2024706696183225,0.0,1.0
207,0,0.19338806166407244,10,0.2570944402010361,1.960722572059469,0.0,1.0
208,0,0.20574471842773787,10,0.2001217727695093,1.8960325345751161,0.0,1.0
209,0,0.19282365664956955,10,0.26321054529489396,1.906718089760005,0.0,1.0
210,0,0.23746091803512095,10,0.24160760042466448,2.0199355492284057,0.0,1.0
211,0,0.17607686658054544,10,0.24787472901370378,1.7682867544995775,0.0,1.0
212,0,0.167667627400175,10,0.23470360220057448,1.6776532993687756,0.0,1.0
213,0,0.16918049811355343,10,0.2452781092153325,1.7546388702252527,0.0,1.0
214,0,0.20717618146954397,10,0.28674820476891044,2.0815207075209416,0.0,1.0
215,0,0.21685439973121717,10,0.21312713280147275,1.8819592891018693,0.0,1.0
216,0,0.1886613986091353,10,0.23980101161918296,1.8273888937186162,0.0,1.0
217,0,0.18155540772207904,10,0.2755011424512469,1.960741595538761,0.0,1.0
218,0,0.18921236968825256,10,0.21676067103154548,2.0221732335612166,0.0,1.0
219,0,0.2229451907025235,10,0.35244029514779157,2.3245118964121128,0.0,1.0
220,0,0.16032717879577632,10,0.22406181880866066,1.7315382652349232,0.0,1.0
221,0,0.21122255182904565,10,0.28051336330500126,2.08360046670609,0.0,1.0
222,0,0.1913843033362772,10,0.23810207346300047,1.9922774958694511,0.0,1.0
223,0,0.165801595504835,10,0.23729545061486174,1.7614680665851437,0.0,1.0
224,0,0.20941504973131236,10,0.32850357292810584,2.2807000088173512,0.0,1.0
225,0,0.22365167406820635,10,0.2518854065966605,2.0850215554812186,0.0,1.0
226,0,0.18734448463426967,10,0.24504859666605106,1.9445104590427649,0.0,1.0
227,0,0.18139896412002116,10,0.26170983077233384,1.9901050765045278,0.0,1.0
228,0,0.14713706349867384,10,0.23328147724284773,1.6774937451826208,0.0,1.0
229,0,0.17966866273922968,10,0.2916168301442539,1.9484495848518748,0.0,1.0
230,0,0.14512170910533617,10,0.22255841395437895,1.6061118464332897,0.0,1.0
231,0,0.1718559479091537,10,0.27398140599116466,1.903305134412818,0.0,1.0
232,0,0.1681899956652089,10,0.2507596110944773,1.7717490078409566,0.0,1.0
233,0,0.2101151984682828,10,0.21717899424872522,1.9735410971125207,0.0,1.0
234,0,0.17402868132667745,10,0.2318801911018075,1.9238130126627817,0.0,1.0
235,0,0.17592267158188943,10,0.22619484894655584,1.6930007994181275,0.0,1.0
236,0,0.229971186337365,10,0.3186396099067144,2.3111962316873194,0.0,1.0
237,0,0.2207952555716651,10,0.20226191240642521,2.0200620479830635,0.0,1.0
238,0,0.20613039224733792,10,0.26582111533391517,1.9950559245391644,0.0,1.0
239,0,0.2085977882689688,10,0.23234958111068726,2.076116435539162,0.0,1.0
240,0,0.21690456454998777,10,0.21571792843238655,1.9810333102874285,0.0,1.0
241,0,0.18913872368403392,10,0.23201974132865286,1.9233042664373279,0.0,1.0
242,0,0.19015869247017708,10,0.19627066725599296,1.7319747981578597,0.0,1.0
243,0,0.18905467476158577,10,0.27738919310145094,1.9166326160633929,0.0,1.0
244,0,0.2118098051329907,10,0.25017504138763685,2.0301611113224793,0.0,1.0
245,0,0.19255236695217276,10,0.3093528047450063,2.04748419171447,0.0,1.0
246,0,0.23411435475244644,10,0.21710670694015388,1.936942215859631,0.0,1.0
247,0,0.2488731305033083,10,0.39277202789171034,2.500434659285929,0.0,1.0
248,0,0.17841265955031657,10,0.3507663289172712,2.156398926503102,0.0,1.0
249,0,0.26452613803098135,10,0.30889175819716325,2.3846193161414977,0.0,1.0
250,0,0.1920038670024487,10,0.31056990104047333,2.0557738177462994,0.0,1.0
251,0,0.20375968154667018,10,0.21910091218272723,2.058369002713189,0.0,1.0
252,0,0.20638311009328822,10,0.199494650838029,1.9504986177806296,0.0,1.0
253,0,0.17773757910426224,10,0.31450468818529054,2.1815498169036434,0.0,1.0
254,0,0.19549909315138564,10,0.1957817267250749,1.8734324097454176,0.0,1.0
255,0,0.1714004875994149,10,0.23036857087292037,1.6395761161117601,0.0,1.0
256,0,0.2424633782246312,10,0.21938039167216644,2.1456505625564346,0.0,1.0
257,0,0.2278836522852509,10,0.25972034055523113,2.1441455901973563,0.0,1.0
258,0,0.22135057769011166,10,0.21161734684582925,1.874636344517804,0.0,1.0
259,0,0.19530700789888297,10,0.20727697431142875,1.9587291483732618,0.0,1.0
260,0,0.22666965267354006,10,0.290960734543384,2.3755181156628935,0.0,1.0
261,0,0.19753359477350949,10,0.20491941158384222,1.9114071369979722,0.0,1.0
262,0,0.18081414130832482,10,0.20153255060635578,1.70152725517746,0.0,1.0
263,0,0.24259814185163378,10,0.29241611617230584,2.382031488269393,0.0,1.0
264,0,0.194996088442755,10,0.2281090400053825,1.9440684846822391,0.0,1.0
265,0,0.22659860690975225,10,0.29600171118357527,2.2116916390633476,0.0,1.0
266,0,0.19923307395999684,10,0.3318874112903708,2.341094508714931,0.0,1.0
267,0,0.20243281539011737,10,0.26833047076471284,1.8992982154245772,0.0,1.0
268,0,0.16833741656396065,10,0.2419300764679642,1.9231618141839144,0.0,1.0
269,0,0.1322328116171712,10,0.21085688178160955,1.5795430089812112,0.0,1.0
270,0,0.1699264019271049,10,0.19591683394564532,1.8361987380233824,0.0,1.0
271,0,0.20429725252899167,10,0.23312448802676428,1.9207700129954197,0.0,1.0
272,0,0.2147268376264755,10,0.23912134182646824,2.070527313903537,0.0,1.0
273,0,0.20556757696570846,10,0.24652364184736025,1.9656794347170503,0.0,1.0
274,0,0.21828558923539684,10,0.15092783102935403,1.6616865036481794,0.0,0.00021525140126759163
274,1,0.5068561944137356,48,0.2647325046722209,2.43626241226487,0.0,1.0
275,0,0.21138435975954753,10,0.237954897076947,2.0184776742225075,0.0,1.0
276,0,0.24814586166890165,10,0.24840259474979842,2.0899013427448496,0.0,1.0
277,0,0.20333424357558627,10,0.27009310304090045,1.9458675572876603,0.0,1.0
278,0,0.18156755128202243,10,0.23279310714275392,1.8300747063102458,0.0,1.0
279,0,0.22129688149934676,10,0.2961736257522869,2.3360500811204274,0.0,1.0
280,0,0.20239913149431504,10,0.2735483905085454,2.100209682012293,0.0,1.0
281,0,0.14998243647230197,10,0.24063701074489183,1.718959842836192,0.0,1.0
282,0,0.18416416613355907,10,0.20630847800341887,1.905637967972547,0.0,1.0
283,0,0.27475349406527433,10,0.34271445832292163,2.7290236442874405,0.0,1.0
284,0,0.22026762613062323,10,0.28588275249669115,2.1718894464760483,0.0,1.0
285,0,0.23859758268932166,10,0.2666044098413154,2.178951951038754,0.0,1.0
286,0,0.21243014217375292,10,0.23297981904798964,2.0918426930896032,0.0,1.0
287,0,0.22008371828771447,10,0.2503491053833745,2.0223306700690227,0.0,1.0
288,0,0.19650813657515087,10,0.21053495364545402,1.8829912627669447,0.0,1.0
289,0,0.17418620025143716,10,0.19416699012681785,1.735258293226805,0.0,1.0
290,0,0.21040682036637343,10,0.1983614700971534,1.7978375605530987,0.0,1.0
291,0,0.19796901416738932,10,0.21720477917436065,1.8313934651739956,0.0,1.0
292,0,0.16733914538539207,10,0.26563127473423176,1.7814254422250877,0.0,1.0
293,0,0.18117727085740604,10,0.24779749707596924,1.9630694298449858,0.0,1.0
294,0,0.24080982852727487,10,0.2642903333143318,2.4739755286561502,0.0,1.0
295,0,0.1951700606402931,10,0.24988335358723776,2.0561794131811126,0.0,1.0
296,0,0.173637025836003,10,0.28774231936968964,1.9292489349976714,0.0,1.0
297,0,0.2536865183467929,10,0.31483364116994045,2.4009541525992657,0.0,1.0
298,0,0.1935593280553404,10,0.25152304836042255,1.965579615300005,0.0,1.0
299,0,0.18670105628186315,10,0.23641373924090553,1.866323051837671,0.0,1.0
300,0,0.15826655754521304,10,0.21519618627757783,1.7076209609716517,0.0,1.0
301,0,0.16288411566754565,10,0.2559329636833166,1.906568662189914,0.0,1.0
302,0,0.1953764792059696,10,0.19726801635118418,1.7551143074154807,0.0,1.0
303,0,0.16028952762597198,10,0.21224924978038257,1.753368616797469,0.0,1.0
304,0,0.2016679225141088,10,0.21541470527318077,2.032458057770166,0.0,1.0
305,0,0.25128770134485445,10,0.28906270946767304,2.406450233521054,0.0,1.0
306,0,0.1422757513396641,10,0.25184679211198624,1.7657375968205316,0.0,1.0
307,0,0.165528101676118,10,0.23611229713055942,1.7145709290102413,0.0,1.0
308,0,0.1838881790423841,10,0.2388405642355235,1.8849000355329444,0.0,1.0
309,0,0.21733877851425853,10,0.2037681989876426,2.0582383483653546,0.0,1.0
310,0,0.15395256009906025,10,0.24648098046270095,1.7433385816482887,0.0,1.0
311,0,0.23259822834073868,10,0.24794276799071086,2.099812431884742,0.0,1.0
312,0,0.17118690192820338,10,0.20225467542741238,1.869800861186242,0.0,1.0
313,0,0.22141674957108712,10,0.19534316484949865,1.9473317351944552,0.0,1.0
314,0,0.23152652091297365,10,0.2473856199929496,2.1361569376930785,0.0,1.0
315,0,0.16549923643741146,10,0.2402084179756592,1.8326127902726514,0.0,1.0
316,0,0.20859705865836428,10,0.2519892094057526,2.0424971293922325,0.0,1.0
317,0,0.1989318709917699,10,0.2049118241597692,1.818864550259516,0.0,1.0
318,0,0.20581857971089285,10,0.17993036198210377,1.7566854037651478,0.0,1.0
319,0,0.18943233370364257,10,0.24499405203459912,2.0466923921225906,0.0,1.0
320,0,0.17496541349017042,10,0.21352762089439337,1.850195363367439,0.0,1.0
321,0,0.16082843899224689,10,0.23294454957529495,1.880767132804903,0.0,1.0
322,0,0.23359814583884264,10,0.24539361797201956,2.1155160197696357,0.0,1.0
323,0,0.19398201370791768,10,0.23276418838172114,1.9002607139507022,0.0,1.0
324,0,0.2124315241731288,10,0.20777260528970642,1.8361119930385608,0.0,1.0
325,0,0.18564793928951093,10,0.2788623569366507,1.9758509693766813,0.0,1.0
326,0,0.24116066450292367,10,0.23907814245375836,2.1894754281749695,0.0,1.0
327,0,0.17387328498077764,10,0.2241052387667844,1.7366645628476818,0.0,1.0
328,0,0.19358105947648704,10,0.21831102431607224,1.9394750475953877,0.0,1.0
329,0,0.20502824630012356,10,0.2807356592638514,2.2128399924388944,0.0,1.0
330,0,0.1849850296745199,10,0.18232599834322882,1.7521240049882758,0.0,1.0
331,0,0.17650753929217802,10,0.247453948082517,1.9247557236595056,0.0,1.0
332,0,0.21137863150351274,10,0.2685041892899119,2.0081575713306625,0.0,1.0
333,0,0.19009624418227525,10,0.28690796255411477,1.9225990913807878,0.0,1.0
334,0,0.22425863921706077,10,0.18016379326767368,1.8541266360764213,0.0,1.0
335,0,0.17133004379645184,10,0.18977326963583055,1.8368603380932746,0.0,1.0
336,0,0.1309205671494394,10,0.2151045950024749,1.7976089506355095,0.0,1.0
337,0,0.20770630516656755,10,0.23966030863334534,1.9549506875927525,0.0,1.0
338,0,0.16078332370129217,10,0.2403533389271006,1.720478115086992,0.0,1.0
339,0,0.19519129585803216,10,0.2166441093509549,1.9777972978075546,0.0,1.0
340,0,0.18340209983789196,10,0.2581760371281603,1.8903209718466225,0.0,1.0
341,0,0.18090744402005202,10,0.3294528027793588,2.2425161940698004,0.0,1.0
342,0,0.18715940734018488,10,0.2848952398707453,1.8924330309860788,0.0,1.0
343,0,0.22129688149934676,10,0.24478558593180555,2.1504011680288073,0.0,1.0
344,0,0.2061352547502016,10,0.21906488747193745,2.021984500917779,0.0,1.0
345,0,0.18902519760026182,10,0.2285678084428172,1.8214990658139292,0.0,1.0
346,0,0.1792097999828267,10,0.2214708501395061,1.7915127399848745,0.0,1.0
347,0,0.16611978861248358,10,0.22794658860873887,1.7292910347288162,0.0,1.0
348,0,0.209847699654968,10,0.2556763429522624,2.0547201119615672,0.0,1.0
349,0,0.21292069171096834,10,0.23003116926230632,2.0619982413866476,0.0,1.0
350,0,0.20336644854913613,10,0.24146473345326785,2.0639235644616933,0.0,1.0
351,0,0.18603640657633058,10,0.24761893812239755,1.7948528508262453,0.0,1.0
352,0,0.22867354841778254,10,0.2575186997609413,2.2909671828669826,0.0,1.0
353,0,0.16937956094294496,10,0.24199873834602764,1.8206617511625953,0.0,1.0
354,0,0.24813684052366855,10,0.3256798236849352,2.4891172725572352,0.0,1.0
355,0,0.21698990362581133,10,0.26820192919964286,2.029129938418096,0.0,1.0
356,0,0.17588778327476384,10,0.2235581859667309,1.759624920641273,0.0,1.0
357,0,0.19558306427750854,10,0.22005092898405837,1.9707581375672505,0.0,1.0
358,0,0.17592267158188943,10,0.24850910771761806,1.926949489846514,0.0,1.0
359,0,0.1900573187244837,10,0.2698916745080009,1.8532181132810586,0.0,1.0
360,0,0.2107848142335225,10,0.24030777062029046,2.066228552826867,0.0,1.0
361,0,0.14167651428988903,10,0.22588008738814394,1.7032739507173653,0.0,1.0
362,0,0.23944126556689113,10,0.25853979904947966,2.285570112585214,0.0,1.0
363,0,0.2145157849221747,10,0.23606794682086457,2.132023177851354,0.0,1.0
364,0,0.2077127339715969,10,0.25214533673446093,2.0793246275211748,0.0,1.0
365,0,0.19571446806286133,10,0.21943343442286353,1.883134526424445,0.0,1.0
366,0,0.18715381742544557,10,0.25027113927151556,1.9027987667891852,0.0,1.0
367,0,0.23297666266344155,10,0.22866422059687233,2.023771969158078,0.0,1.0
368,0,0.21854039464699895,10,0.24044584767499066,2.036709467060665,0.0,1.0
369,0,0.17261253546019958,10,0.20834875153317745,1.7636074478410073,0.0,1.0
370,0,0.19835751703007382,10,0.23829999547298633,1.966782101421425,0.0,1.0
371,0,0.20832531913048263,10,0.18790167142603303,1.809208332306846,0.0,1.0
372,0,0.2421974479027883,10,0.25618667826182356,2.2073555693408884,0.0,1.0
373,0,0.20929681917783102,10,0.3951597164428755,2.399457122719686,0.0,1.0
374,0,0.22699413991614764,10,0.21297061333366937,1.9238359270095642,0.0,1.0
375,0,0.21429536956257217,10,0.2843700039317511,2.281701207858668,0.0,1.0
376,0,0.17667031077581155,10,0.20717517721623974,1.8093388818062495,0.0,1.0
377,0,0.1839166383839822,10,0.20132534154340978,1.795917135961931,0.0,1.0
378,0,0.18375264181546974,10,0.33082552251222846,2.060953590166387,0.0,1.0
379,0,0.1812842107112627,10,0.17562416939218684,1.5892852371735453,0.0,9.121287013082666e-05
379,1,0.4101507799805889,44,2.5212503268083934,4.496178864630311,0.0,0.00010774205959974732
380,0,0.19638773309734034,10,0.2312180291599207,1.9113155712945773,0.0,1.0
381,0,0.16927796214267302,10,0.22738760133704017,1.699288295791548,0.0,1.0
382,0,0.167344424737082,10,0.14443028693154,1.5544668097999932,0.0,0.00018994242753761836
382,1,0.35479038152818687,30,0.5161272928298937,2.8305044561880726,0.0,0.00013910901422780622
383,0,0.17475097547348925,10,0.2457394124754802,1.9300524674223665,0.0,1.0
384,0,0.2635316376188513,10,0.30447989358036703,2.3652144385393026,0.0,1.0
385,0,0.2256225899552683,10,0.2911877064205774,2.3385384814601125,0.0,1.0
386,0,0.13932197553294268,10,0.18863603765189194,1.7131060770645348,0.0,1.0
387,0,0.1888609715017541,10,0.30291848219221656,1.9191944374858743,0.0,1.0
388,0,0.174955919162583,10,0.21691980312889905,1.7984300257310435,0.0,1.0
389,0,0.17603568785486126,10,0.24150308564341366,1.7164986281789887,0.0,1.0
390,0,0.19627354458483623,10,0.26013557903558066,2.132870125656415,0.0,1.0
391,0,0.14466446175242445,10,0.22840700690964702,1.67789800758691,0.0,1.0
392,0,0.16358505880069082,10,0.29150233278079485,1.981557111133727,0.0,1.0
393,0,0.1712592161037147,10,0.2872098569666715,2.150822385848549,0.0,1.0
394,0,0.21141366191205344,10,0.28781468830932094,2.25056950687168,0.0,1.0
395,0,0.24562569864839046,10,0.22141756383371655,2.1911900559235242,0.0,1.0
396,0,0.21541700128933713,10,0.21461638736238964,1.9970643769431473,0.0,1.0
397,0,0.24236371724715988,10,0.2694429078843745,2.3425301997770576,0.0,1.0
398,0,0.2675281036577438,10,0.2961921963735467,2.5104973522489766,0.0,1.0
399,0,0.1805946719024236,10,0.23142251618942694,1.646244333111486,0.0,1.0
400,0,0.23606016103125496,10,0.3374365358348458,2.3267665860716265,0.0,1.0
401,0,0.2527124729359714,10,0.2869817966953526,2.3775632703939995,0.0,1.0
402,0,0.1792487247056898,10,0.25084128503897196,1.7390248102326307,0.0,1.0
403,0,0.15414351081059668,10,0.2820477651183198,1.9142298763966186,0.0,1.0
404,0,0.21180686523604964,10,0.22684560329363512,1.9484800718973272,0.0,1.0
405,0,0.1610476953825398,10,0.173319760001575,1.6485715805277936,0.0,1.0
406,0,0.1575765714111323,10,0.21744112147236982,1.6031591380938142,0.0,1.0
407,0,0.22364645352440657,10,0.22728568965867935,2.032001211581952,0.0,1.0
408,0,0.13537611190061685,10,0.23926160676548114,1.686000520435223,0.0,1.0
409,0,0.17832755124514157,10,0.2696319720841209,1.9886018000510082,0.0,1.0
410,0,0.19991360779761433,10,0.30571782578580803,2.2113926953970293,0.0,1.0
411,0,0.20293092114472444,10,0.21994223617197053,2.0780202771114253,0.0,1.0
412,0,0.18552828689949322,10,0.25016571729341014,2.0750007700310733,0.0,1.0
413,0,0.15668096758447145,10,0.27049845408257733,1.9169288274043006,0.0,1.0
414,0,0.19625039665639868,10,0.2283422270385212,1.9356042062785266,0.0,1.0
415,0,0.21185850314084778,10,0.20720670891626136,1.944697460609183,0.0,1.0
416,0,0.18499391199031248,10,0.2078377490121334,1.8745305122789602,0.0,1.0
417,0,0.19482041102077644,10,0.38034340376148107,2.383738411156742,0.0,1.0
418,0,0.17701000695586278,10,0.2613414201321073,1.8789866178647159,0.0,1.0
419,0,0.20210597904695138,10,0.21849062148617232,1.9171523079645443,0.0,1.0
420,0,0.1758402745756614,10,0.2433741424696486,1.7486869659353566,0.0,1.0
421,0,0.16405544833391883,10,0.20943496420990196,1.8092089165977834,0.0,1.0
422,0,0.17781579237572964,10,0.2287683247201958,2.021465647875301,0.0,1.0
423,0,0.21728329276540678,10,0.25806623286632857,1.920924425952083,0.0,1.0
424,0,0.18565217938656736,10,0.2520562933798307,1.8311655326521714,0.0,1.0
425,0,0.2098696380795835,10,0.28536418322694024,2.012780953006651,0.0,1.0
426,0,0.17226964753524537,10,0.2424984509881298,1.7854509429043564,0.0,1.0
427,0,0.17356377959624741,10,0.2320907625772335,1.8648574190026292,0.0,1.0
428,0,0.1651174012196287,10,0.2548929043120419,1.8598645911183012,0.0,1.0
429,0,0.170519551209452,10,0.23375077086658405,1.9099871577633896,0.0,1.0
430,0,0.1505749774735751,10,0.2294151785739421,1.6636734727172438,0.0,1.0
431,0,0.2569858406261724,10,0.24689856370004415,2.107662481453113,0.0,1.0
432,0,0.18947648370265324,10,0.18888215469032224,1.6737501585045733,0.0,1.0
433,0,0.24202471607574697,10,0.30492775995742966,2.3861844814617545,0.0,1.0
434,0,0.25145324590106305,10,0.35084888720791035,2.695289443806049,0.0,1.0
435,0,0.20530702197027326,10,0.25466822047976,2.003723891573212,0.0,1.0
436,0,0.19931196762234793,10,0.25920108491263033,2.1691334378685014,0.0,1.0
437,0,0.22968907659236543,10,0.26574181766621513,2.2610626807784935,0.0,0.00036428688674816395
437,1,0.5829371863986569,73,0.4522378780979616,3.3653767828246743,0.0,1.0
438,0,0.20672743215994047,10,0.25433521715623775,1.9135175982045085,0.0,1.0
439,0,0.1530499117644191,10,0.2522016211221117,1.781181167373703,0.0,1.0
440,0,0.20859705865836428,10,0.24843370474478912,2.049017531247309,0.0,1.0
441,0,0.19341171270914093,10,0.2024557256992451,1.7394194031242147,0.0,0.00011489553831223004
441,1,0.5032373745995334,56,0.24657335396220156,2.233463744996693,0.0,1.0
442,0,0.2603128754655378,10,0.35590760423056306,2.601363678864249,0.0,1.0
443,0,0.18715940734018488,10,0.2712926450993615,1.8624842860050455,0.0,1.0
444,0,0.1856482298851875,10,0.23949625563266874,1.8860269011172144,0.0,1.0
445,0,0.2156332773307603,10,0.31647452946055527,2.1151971480301386,0.0,1.0
446,0,0.18687567653342632,10,0.21714475287705606,1.851502705553485,0.0,1.0
447,0,0.28739926047027325,10,0.3476536838148122,2.5692100407183167,0.0,1.0
448,0,0.14288231731245135,10,0.23332724918755124,1.891556269158209,0.0,1.0
449,0,0.19224040034351708,10,0.2537606500390348,1.951378232006517,0.0,1.0
450,0,0.16946822947501938,10,0.2621544668700301,1.8468499833746699,0.0,1.0
451,0,0.23212159287812817,10,0.22931294183812648,2.0777871758081927,0.0,1.0
452,0,0.20889865911727143,10,0.2983625257014367,2.0899918367541837,0.0,1.0
453,0,0.18701940317923596,10,0.2144043049458899,1.7911376413731204,0.0,1.0
454,0,0.22426631805781902,10,0.22857303856098438,2.043672848652016,0.0,1.0
455,0,0.20195595958774365,10,0.27425076646649676,2.226764236039558,0.0,1.0
456,0,0.21198559993537627,10,0.21345074912450065,1.9480718468898812,0.0,1.0
457,0,0.2201404320852521,10,0.3264548999305451,2.350562663214306,0.0,1.0
458,0,0.19359543039665933,10,0.2968414758042568,2.032946712204746,0.0,1.0
459,0,0.21122255182904565,10,0.2536513720880984,1.91004002267367,0.0,1.0
460,0,0.19033587611726202,10,0.22935058241459907,1.9480339472217147,0.0,1.0
461,0,0.19981620128137986,10,0.2655891868517249,2.237877847475305,0.0,1.0
462,0,0.22296565333340726,10,0.29624796238236195,2.2910957656281767,0.0,1.0
463,0,0.14583177397014058,10,0.22340532451533854,1.6115255727046283,0.0,1.0
464,0,0.18385002650664375,10,0.2285088340498214,1.682920006605549,0.0,1.0
465,0,0.1604619428704975,10,0.2347736600809024,1.6386803682482531,0.0,1.0
466,0,0.19556955245812252,10,0.3234699786772436,2.242555836398305,0.0,1.0
467,0,0.18396474951595454,10,0.24832832427357687,1.8396932316373864,0.0,1.0
468,0,0.21783376744240124,10,0.21886042104791295,2.093669938501889,0.0,1.0
469,0,0.15218030942564614,10,0.21376192653009213,1.6431457097224078,0.0,1.0
470,0,0.24451716502511286,10,0.29435519506542984,2.3766469433168154,0.0,1.0
471,0,0.16537194250695986,10,0.20103232870597307,1.7012921136925727,0.0,1.0
472,0,0.1453905415856173,10,0.1779252695179289,1.5249787064012237,0.0,1.0
473,0,0.24092298335705062,10,0.28652024329256515,2.1872707043036255,0.0,1.0
474,0,0.17156108038276435,10,0.25082924371443754,1.8136985171998528,0.0,1.0
475,0,0.18139896412002116,10,0.2483712716207447,1.9562575001577036,0.0,1.0
476,0,0.2421747261226541,10,0.30578424192994735,2.4815677720713074,0.0,1.0
477,0,0.21794845444510283,10,0.2876200721464979,2.3145613370314133,0.0,1.0
478,0,0.20887949520003,10,0.23341625532013993,1.809890460116114,0.0,1.0
479,0,0.20347890639925836,10,0.2397754999817735,2.010318475680715,0.0,1.0
480,0,0.21789168297382625,10,0.35559753939654565,2.2986060474321195,0.0,1.0
481,0,0.22959981844041077,10,0.23826397693329732,2.0581963950743876,0.0,1.0
482,0,0.23569989661528792,10,0.27326840208477277,2.1953746218513777,0.0,1.0
483,0,0.21950853766998357,10,0.32285529140792585,2.5108834527986836,0.0,1.0
484,0,0.23624622703491094,10,0.2872880554131656,2.324475025938607,0.0,1.0
485,0,0.14374860133618791,10,0.2018046797419527,1.660975519798353,0.0,1.0
486,0,0.170205102951066,10,0.23356691687986103,1.6555931026760617,0.0,1.0
487,0,0.1803308108108883,10,0.18257064025521205,1.6832803897542916,0.0,1.0
488,0,0.16959923377621058,10,0.23016363977494578,1.7114422280769563,0.0,1.0
489,0,0.2297927454933641,10,0.280224179074933,2.3321740538150864,0.0,1.0
490,0,0.2075898054829335,10,0.28909623176994576,1.9891383019031839,0.0,1.0
491,0,0.24143882869925165,10,0.2323135838503587,2.036456252096488,0.0,1.0
492,0,0.15471854700583687,10,0.25520503958793,1.7250864873178078,0.0,1.0
493,0,0.21081438303691327,10,0.239052448350154,1.913688138913546,0.0,1.0
494,0,0.18211501363528876,10,0.19210438808382488,1.8025442938283507,0.0,1.0
495,0,0.20610372409634764,10,0.26384876137397373,2.0112168666998613,0.0,1.0
496,0,0.21099102395961905,10,0.3563994932771063,2.18370655773718,0.0,1.0
497,0,0.2223872991508388,10,0.23748092160764864,1.9875906366828389,0.0,1.0
498,0,0.16268655292237877,10,0.23691865155567546,1.8908093640711487,0.0,1.0
499,0,0.16005428591387044,10,0.25435112599667276,1.737423849613587,0.0,1.0
500,0,0.23163513280079134,10,0.23880973040886808,2.1845503156532486,0.0,1.0
501,0,0.1604619428704975,10,0.22181246683785152,1.6534970510678717,0.0,1.0
502,0,0.18381318493909515,10,0.28440214558438476,1.8725670177891132,0.0,1.0
503,0,0.1345437070655259,10,0.1850731520245927,1.556090855307546,0.0,1.0
504,0,0.2349443361083258,10,0.25546648555259344,2.3322736176669454,0.0,1.0
505,0,0.23338922384409494,10,0.223443885048275,2.065310876374445,0.0,1.0
506,0,0.24347481238943577,10,0.23281870172111158,2.0478279810853595,0.0,1.0
507,0,0.2201925842252679,10,0.33069039689312246,2.247547168173888,0.0,0.00017035117584559222
507,1,0.39779777094123236,44,0.2673472082179048,1.9399229650067813,0.0,1.0
508,0,0.2033911909458459,10,0.3314080696852901,2.1454431360784447,0.0,1.0
509,0,0.1666578554342145,10,0.2507790929656794,1.7371217742964742,0.0,1.0
510,0,0.19903437213429068,10,0.2295744207324088,1.9622006696792127,0.0,1.0
511,0,0.21292069171096834,10,0.24101178251655292,2.1590651174447526,0.0,1.0
512,0,0.1845932612750906,10,0.17685239054776153,1.8041431729839945,0.0,0.00016328543105562053
512,1,0.5872521473521825,74,0.17011742832820823,1.518365011374656,0.0,1.0
513,0,0.161270766382335,10,0.24949745077710572,1.7790049661725447,0.0,1.0
514,0,0.17936788656632327,10,0.21594729193226792,1.849513882163759,0.0,1.0
515,0,0.2287224458014465,10,0.2391846486360439,2.0981827931747876,0.0,1.0
516,0,0.2561473799777835,10,0.2165643474600075,2.034910949346358,0.0,1.0
517,0,0.18631782535285846,10,0.22035914055507824,1.8883751134799824,0.0,1.0
518,0,0.20233708699556033,10,0.200356056484174,1.845130001878604,0.0,1.0
519,0,0.20675530715964238,10,0.21284965356243915,1.8982136417257929,0.0,1.0
520,0,0.15877377747682944,10,0.23707784404748922,1.705634755145836,0.0,1.0
521,0,0.21242313800327972,10,0.21223272011185054,1.9485153125598167,0.0,1.0
522,0,0.21185850314084778,10,0.18615765194421705,1.829926153677381,0.0,1.0
523,0,0.1873989566188393,10,0.19263273164815195,1.7634605503128131,0.0,1.0
524,0,0.15263965699749885,10,0.25997712471764106,1.8802451590774036,0.0,1.0
525,0,0.24567758910326684,10,0.3704776127970763,2.379394165015309,0.0,1.0
526,0,0.2176508667614443,10,0.3361737528832666,2.252608329041821,0.0,1.0
527,0,0.1548627220167546,10,0.2413854333279217,1.8050056310106044,0.0,1.0
528,0,0.20183249164794484,10,0.22884305916999226,1.9905461453947537,0.0,1.0
529,0,0.23442704348383492,10,0.2030173213682222,2.0068986789044247,0.0,1.0
530,0,0.15487326335204574,10,0.11953553010643495,1.2565344508351544,0.0,0.0002795279902459437
530,1,0.3461242585498795,33,0.21748584193534207,1.8431368814324838,0.0,1.0
531,0,0.16328976155673622,10,0.21747008282479308,1.723090116496326,0.0,1.0
532,0,0.22248429971497832,10,0.3147187623332446,2.245325110653092,0.0,1.0
533,0,0.16967544539906296,10,0.242985505489049,1.7381621954322095,0.0,1.0
534,0,0.14870579531608108,10,0.19438308821978523,1.6385539861077736,0.0,1.0
535,0,0.2421974479027883,10,0.31507476130151235,2.536618748281862,0.0,1.0
536,0,0.19409520439136907,10,0.2556332635637137,2.208369300349325,0.0,1.0
537,0,0.2691183618232101,10,0.26623950629154497,2.158638124641999,0.0,1.0
538,0,0.207063695494606,10,0.22555678161963894,1.9749162206769408,0.0,1.0
539,0,0.24052476555835203,10,0.31070152904622117,2.429241469811614,0.0,1.0
540,0,0.21021235779994762,10,0.12271556310011594,1.5450107579972354,0.0,0.0004924880726780155
540,1,0.3925574894510582,34,0.23909368022485425,2.075009792079866,0.0,1.0
541,0,0.25750209277261976,10,0.28250312543124495,2.426356426719197,0.0,1.0
542,0,0.15344744017931075,10,0.25882608375402405,1.8767823988381171,0.0,1.0
543,0,0.1845704735245726,10,0.21893657169699654,1.7240326587345298,0.0,0.00039416168088585315
543,1,0.5294223444389745,76,0.2192489504984988,1.6761892559894394,0.0,1.0
544,0,0.20606129857582475,10,0.2813273060978206,2.009703685996832,0.0,1.0
545,0,0.19244469104624234,10,0.2896038259480344,2.0029589681944975,0.0,1.0
546,0,0.20511536957078272,10,0.21614670152663626,1.9743157106008828,0.0,1.0
547,0,0.2265017566805737,10,0.2548524302193053,2.102953322417938,0.0,1.0
548,0,0.23318762912578778,10,0.22846697853282433,2.025850010863971,0.0,1.0
549,0,0.19752607410460035,10,0.24232221114558786,1.9744233054997824,0.0,1.0
550,0,0.1632067673944089,10,0.2014692759160445,1.7757151003298872,0.0,1.0
551,0,0.21347343003343755,10,0.2639652200990292,2.139652607260183,0.0,1.0
552,0,0.1786697276163185,10,0.23471314994535847,1.8505099208952644,0.0,1.0
553,0,0.16555139490037585,10,0.24545608299896798,1.7291388037108213,0.0,1.0
554,0,0.2240163691688998,10,0.19302809911104446,1.7746742409143197,0.0,1.0
555,0,0.22515874502892366,10,0.22806297448217644,1.9546923439442059,0.0,1.0
556,0,0.1686292443583421,10,0.18278573066990475,1.6450810058418954,0.0,1.0
557,0,0.2049346813159437,10,0.19541475928302565,1.783235960293736,0.0,1.0
558,0,0.17102700704210613,10,0.2682663330272682,1.7770412052507014,0.0,1.0
559,0,0.19108553948212653,10,0.29796389248438315,2.113244218271136,0.0,1.0
560,0,0.16208572422882858,10,0.2346374809271522,1.7426183594598186,0.0,1.0
561,0,0.18366951272155602,10,0.21215953276375007,1.832411980188677,0.0,1.0
562,0,0.2201596444800052,10,0.2215380281332169,1.86923213672528,0.0,1.0
563,0,0.1627280781271466,10,0.23034896646321482,1.7246349510625902,0.0,1.0
564,0,0.20201194584515758,10,0.2593491111515278,1.9503302377708374,0.0,1.0
565,0,0.2065261590345516,10,0.33648338712670295,2.3321317364585314,0.0,1.0
566,0,0.21907758867768734,10,0.20222482046910145,1.8658690485809566,0.0,1.0
567,0,0.21733760739589633,10,0.2540280341772811,1.9746637980555926,0.0,1.0
568,0,0.23258410186663445,10,0.2647723307976202,2.13548572015852,0.0,1.0
569,0,0.19636584265859344,10,0.2184680690765065,1.9795173597005398,0.0,1.0
570,0,0.19768600439847375,10,0.2236366977225714,1.9718635045531572,0.0,1.0
571,0,0.2231283106844738,10,0.2611524685909735,1.9585375746491795,0.0,1.0
572,0,0.1884729726534506,10,0.20051333936790944,1.8931287206672887,0.0,1.0
573,0,0.20798844667103464,10,0.18164155660351378,1.8519326484920058,0.0,1.0
574,0,0.19237809652802193,10,0.23623556696155582,1.8933263937412803,0.0,1.0
575,0,0.1346429867997722,10,0.20383827742822966,1.5141845528659539,0.0,1.0
576,0,0.22368666495323614,10,0.2733865270361644,2.16508665000773,0.0,1.0
577,0,0.2626331267100011,10,0.2638734617286082,2.4477613756204786,0.0,1.0
578,0,0.19133967952656558,10,0.25063544075734073,1.878418314924665,0.0,1.0
579,0,0.18731885148374405,10,0.19953992816195262,1.8670424346555639,0.0,1.0
580,0,0.1838631209898892,10,0.2663179017207192,1.816992562477611,0.0,1.0
581,0,0.18217836911091054,10,0.20095705034520708,1.6932710596519096,0.0,1.0
582,0,0.17954566650837625,10,0.20083951939622677,1.8098222712165226,0.0,1.0
583,0,0.21346906740888094,10,0.3639633765146746,2.302210997397235,0.0,1.0
584,0,0.21898724252331478,10,0.29344110506974025,2.224947198871904,0.0,1.0
585,0,0.1601861501041376,10,0.23286217995435424,1.6967356433813343,0.0,1.0
586,0,0.2623533977724015,10,0.23707516118178346,2.229272337431794,0.0,1.0
587,0,0.21913086383534527,10,0.2562624701023699,2.0392231917716646,0.0,1.0
588,0,0.20649257403217536,10,0.18432291258005432,1.8817658754554107,0.0,1.0
589,0,0.14258095336921373,10,0.20691708211076795,1.5320891860852353,0.0,1.0
590,0,0.21894387801209964,10,0.22609695529942395,2.0600257462815517,0.0,1.0
591,0,0.17670102200452595,10,0.18480647157716526,1.7538656154310153,0.0,1.0
592,0,0.16802430058915074,10,0.1892349864417738,1.634095777557352,0.0,1.0
593,0,0.15099606153435924,10,0.25528545570731004,1.7816382843576262,0.0,1.0
594,0,0.21325949996472682,10,0.32919056192157414,2.346231553665808,0.0,1.0
595,0,0.1886204288300822,10,0.19863865748038936,1.781962233615726,0.0,1.0
596,0,0.19922201019905725,10,0.2398301178417489,1.847856991792957,0.0,1.0
597,0,0.15480801040865608,10,0.23569526929832707,1.6799524652715372,0.0,1.0
598,0,0.22852613028572305,10,0.29923087358399136,2.1695461992458047,0.0,1.0
599,0,0.14594906922744433,10,0.21534038387907056,1.5763281581834123,0.0,1.0
600,0,0.1708715457356304,10,0.2673791985190254,1.8574702428478678,0.0,1.0
601,0,0.16604073300332833,10,0.25397300528392164,1.7942146556325638,0.0,1.0
602,0,0.15276657438707228,10,0.27012477704985666,1.860294015952613,0.0,1.0
603,0,0.2096898106962579,10,0.2187981142123387,1.993868816514314,0.0,1.0
604,0,0.2258134870543962,10,0.31402687081836883,2.252737706515205,0.0,1.0
605,0,0.1449193019658652,10,0.27315427976601253,1.9709601985965313,0.0,1.0
606,0,0.18493050111356957,10,0.21101415330726486,1.8520646489154589,0.0,1.0
607,0,0.2122712566639613,10,0.22349993333239176,1.987849219485248,0.0,1.0
608,0,0.24676992110887777,10,0.2300981177288768,2.2148156004619635,0.0,1.0
609,0,0.1805946719024236,10,0.24393917210162255,1.7931581218695383,0.0,1.0
610,0,0.25199884970723635,10,0.1859297361231246,1.9385681289239267,0.0,1.0
611,0,0.19415040260455957,10,0.27373064136594605,2.022025017168235,0.0,1.0
612,0,0.22391270025826576,10,0.24826357892556603,1.95043296693428,0.0,1.0
613,0,0.18434771655903792,10,0.26963588210443823,2.0222544130194744,0.0,1.0
614,0,0.22428134371408245,10,0.24790773944396363,2.0144534674211134,0.0,1.0
615,0,0.20272945402789766,10,0.2503980561807036,1.8719414267794963,0.0,1.0
616,0,0.24545592240793915,10,0.2297480227820502,2.0818989387101725,0.0,1.0
617,0,0.18981174496057496,10,0.21955661204299134,1.7992960642237565,0.0,1.0
618,0,0.20131228171749502,10,0.2629249823740871,1.9886235298734567,0.0,1.0
619,0,0.2349443361083258,10,0.25399846154463807,2.2136872992994094,0.0,0.0003516954013254245
619,1,0.5817248104447335,78,0.17290119518770214,1.4223077157071646,0.0,1.0
620,0,0.18366951272155602,10,0.22032599644768036,1.7714234033978387,0.0,1.0
621,0,0.1918961757073791,10,0.26984852660633496,1.866651808646234,0.0,1.0
622,0,0.19599753125269753,10,0.23775004838513644,1.9403715953364977,0.0,1.0
623,0,0.16283815686344083,10,0.24423072087808415,1.885367963033354,0.0,1.0
624,0,0.1430180971110038,10,0.23554032782622933,1.8700507507742803,0.0,1.0
625,0,0.21167657908754942,10,0.2656533493446436,2.0694561336928854,0.0,1.0
626,0,0.19668768258446548,10,0.24207892537313946,1.9655650165984193,0.0,1.0
627,0,0.2565739622885788,10,0.2790292880393559,2.3488543628653806,0.0,1.0
628,0,0.23463224888016151,10,0.3224238264224458,2.23537919090966,0.0,1.0
629,0,0.2128370377838127,10,0.282520615742037,2.088351184214816,0.0,1.0
630,0,0.20284994612806057,10,0.19281004233077895,1.829200496586688,0.0,1.0
631,0,0.20855524669108172,10,0.27192877976877416,2.2666874537040833,0.0,1.0
632,0,0.27759914440587524,10,0.3325953193513648,2.919882864759843,0.0,1.0
633,0,0.23347881864094752,10,0.24408342381323914,2.246909449879847,0.0,1.0
634,0,0.2301786408360456,10,0.22394823069594022,1.986112680679137,0.0,1.0
635,0,0.21590041155737075,10,0.4114061695715424,2.415597580798878,0.0,0.0003733574348234062
635,1,0.3781336786098243,39,0.20975651111584454,1.769105191504842,0.0,1.0
636,0,0.19190020831432233,10,0.2732454800514802,2.0523577190891897,0.0,1.0
637,0,0.19463486932129503,10,0.2279056419476349,1.9405244411777305,0.0,1.0
638,0,0.16354607504145888,10,0.22343788087447003,1.6427479675721661,0.0,1.0
639,0,0.20574471842773787,10,0.20768528991999985,1.811415169160142,0.0,1.0
640,0,0.30917896391109767,10,0.33738288504032976,2.964343078259227,0.0,1.0
641,0,0.16276621687673304,10,0.2216351108197889,1.8250102332125413,0.0,1.0
642,0,0.15657415479824552,10,0.21660573735403396,1.7199946712688738,0.0,1.0
643,0,0.20073456176656188,10,0.3404830099932891,2.139538679561898,0.0,1.0
644,0,0.16882927732165487,10,0.2012832115541108,1.781172978599086,0.0,1.0
645,0,0.21081462213940272,10,0.2757485530007753,2.182329898664607,0.0,1.0
646,0,0.22704712282944553,10,0.2836645107419132,2.038342800196913,0.0,1.0
647,0,0.23215469797421115,10,0.22633985331859194,2.1610210647262926,0.0,1.0
648,0,0.26038288861736625,10,0.2509157053264241,2.359673846251177,0.0,1.0
649,0,0.16989763836463714,10,0.23830856103349154,1.9430919208830422,0.0,1.0
650,0,0.21709809227730262,10,0.261040223154013,2.125015812306874,0.0,1.0
651,0,0.21365465940377984,10,0.25569841132058974,2.1315502087660683,0.0,1.0
652,0,0.2146004083104161,10,0.2999766325863784,1.9948100399666697,0.0,1.0
653,0,0.17631030469085987,10,0.244826638795644,1.7101942027152297,0.0,1.0
654,0,0.16261896127711076,10,0.25538747893027086,1.7704089881657663,0.0,1.0
655,0,0.17754006601695066,10,0.27844042103040145,1.9175487232224155,0.0,1.0
656,0,0.1903346936295299,10,0.25012273759518033,1.937700549430612,0.0,1.0
657,0,0.23202168044951837,10,0.3140477905621303,2.4485204421773528,0.0,1.0
658,0,0.22270134203788178,10,0.2534050377001324,2.0766170792847953,0.0,1.0
659,0,0.22726130637531955,10,0.2318316341847399,2.1100158359360437,0.0,1.0
660,0,0.2103884169521262,10,0.2534194663748878,2.028492117222573,0.0,1.0
661,0,0.16285762999231795,10,0.29005800797790027,1.9731584143416898,0.0,1.0
662,0,0.22615870610414499,10,0.266573297143055,1.9492017146088618,0.0,1.0
663,0,0.21059282697807322,10,0.33301689574943966,2.139576277583131,0.0,1.0
664,0,0.22074410717418866,10,0.21250918160044646,2.0540866795668493,0.0,1.0
665,0,0.1719852578265821,10,0.17801309320533582,1.639343200454108,0.0,1.0
666,0,0.1981649115690665,10,0.2410173083404369,1.8753565504782241,0.0,1.0
667,0,0.16483627848941151,10,0.2029712170115023,1.8213871544463298,0.0,1.0
668,0,0.15069307892022066,10,0.21318345928961555,1.6323804522740026,0.0,1.0
669,0,0.22244979522839448,10,1.4413289334497734,3.4146927501163287,0.0,0.00016161040514385623
669,1,0.3579172950694307,42,0.24549177068157663,1.7530004586656749,0.0,1.0
670,0,0.18356658467399636,10,0.21340476605617598,1.7900459225378025,0.0,1.0
671,0,0.25892990745871747,10,0.23988246648089914,2.2165101529472127,0.0,1.0
672,0,0.25597273155003986,10,0.27873491244117576,2.3132485074977853,0.0,1.0
673,0,0.16927796214267302,10,0.273753123050964,1.8641952480928041,0.0,1.0
674,0,0.20703081264289674,10,0.29517946871516104,2.1327887411522704,0.0,1.0
675,0,0.23308720941104472,10,0.32196201346525966,2.199742305437223,0.0,1.0
676,0,0.23855666948114124,10,0.19374099995705707,1.8782551574738775,0.0,1.0
677,0,0.20977579134369215,10,0.2152008674924668,1.994424236526637,0.0,1.0
678,0,0.20233063231047205,10,0.19686120855704173,1.7630319700797425,0.0,1.0
679,0,0.22296565333340726,10,0.2447818255726875,2.111081789619006,0.0,1.0
680,0,0.1926227166015075,10,0.32463103880571254,2.090250983332739,0.0,1.0
681,0,0.17823039333538518,10,0.20656998678797048,1.881568611397066,0.0,1.0
682,0,0.19925823414928318,10,0.6483937644960596,2.5762181798374666,0.0,0.0002973781533202525
682,1,0.3535718798466743,45,0.18556685831969869,1.3409982825637428,0.0,1.0
683,0,0.19006136484181502,10,0.3026681575487889,2.0387148530038046,0.0,1.0
684,0,0.17818500145569083,10,0.3070121112366928,2.1395098418914262,0.0,1.0
685,0,0.20865715690726655,10,0.20403600867687044,1.9295894705349148,0.0,1.0
686,0,0.16271145299436554,10,0.23424677228563878,1.7060002712325515,0.0,1.0
687,0,0.27786631935840334,10,0.39174389894132317,2.7395841860523475,0.0,1.0
688,0,0.21749935957260338,10,0.22008118862838177,1.9608796796753212,0.0,1.0
689,0,0.23700510493401292,10,0.28270825168405583,2.2957050805516017,0.0,1.0
690,0,0.21141366191205344,10,0.2756431290102556,2.0754657920494,0.0,1.0
691,0,0.22031260686853896,10,0.29115686409817493,2.0433463047941864,0.0,0.0002208417037608782
691,1,0.5262204200323058,78,0.5385330378007556,3.0413839583167404,0.0,1.0
692,0,0.1616964687663392,10,0.25037541495549653,1.940217226533262,0.0,1.0
693,0,0.21828558923539684,10,0.23569474239782887,2.1246061391397975,0.0,1.0
694,0,0.24023783643576002,10,0.22385640167135762,1.983073300517225,0.0,1.0
695,0,0.190347153910328,10,0.24442747935376855,1.919919596842585,0.0,1.0
696,0,0.1856223753593578,10,0.218655799764223,1.865172901019758,0.0,0.00048376615772907774
696,1,0.3842081171495231,35,0.2526897255361085,2.0460210551354003,0.0,1.0
697,0,0.2146017022592724,10,0.24280572043406576,2.065471790616254,0.0,1.0
698,0,0.1893610326939685,10,0.20364738486739142,1.7770560674891587,0.0,1.0
699,0,0.18449198054729304,10,0.3333474220613584,2.2997111223572104,0.0,5.238639635934039e-06
699,1,0.48574993893072893,67,0.22325262969998044,1.6473051013039068,0.0,1.0
700,0,0.21668325122803955,10,0.22236006539795714,1.9181736515862025,0.0,1.0
701,0,0.2425285751899723,10,0.24985251105139317,2.289064075001563,0.0,1.0
702,0,0.17703665800476653,10,0.18566130082763352,1.7000141135418896,0.0,1.0
703,0,0.18748401389916228,10,0.2031813034053415,1.7083604309377085,0.0,1.0
704,0,0.19334943902969168,10,0.20174839562948893,1.9142317521828058,0.0,1.0
705,0,0.24002831760431267,10,0.32091060534084737,2.4713303984039294,0.0,1.0
706,0,0.17505973611621245,10,0.21705420835138134,1.7992514959088837,0.0,1.0
707,0,0.18662157476191538,10,0.20184028849263916,1.8121521347168923,0.0,1.0
708,0,0.20204174056401328,10,0.2509002066601871,2.0837034965825674,0.0,1.0
709,0,0.19991727968086967,10,0.21540861130339986,1.8293230648470926,0.0,1.0
710,0,0.20356554035976338,10,0.2731223819364102,2.065874092657858,0.0,1.0
711,0,0.20354036645512724,10,0.30605703340309176,2.1736589549114105,0.0,1.0
712,0,0.23744535763215047,10,0.2556553164114953,2.2318961074825516,0.0,1.0
713,0,0.12835196948182423,10,0.18257792098111275,1.5323715976453889,0.0,1.0
714,0,0.18150525722223704,10,0.2513260371520173,1.8023134473996416,0.0,1.0
715,0,0.20111074971608792,10,0.30990987904060235,2.217164224001431,0.0,1.0
716,0,0.1718904746137093,10,0.2027968279737567,1.7071442186007895,0.0,1.0
717,0,0.16839137327082623,10,0.21299545728648803,1.743819359406721,0.0,1.0
718,0,0.19275710482264274,10,0.15305027033059487,1.6437307508166477,0.0,0.0004566131404227445
718,1,0.37916601025328983,32,0.415642304706696,2.611457577319291,0.0,1.0
719,0,0.17667990911762765,10,0.21211402694074322,1.7378011308597503,0.0,0.00037695411120928937
719,1,0.4834402426103364,57,0.31310537694245216,2.3513739069819133,0.0,1.0
720,0,0.20236295206359564,10,0.3236401382929486,2.1050775328538682,0.0,1.0
721,0,0.2158581585337134,10,0.28163092472198104,2.225802695728324,0.0,1.0
722,0,0.1969695069330091,10,0.21655691108280117,1.8839805727671914,0.0,1.0
723,0,0.1792097999828267,10,0.2414302322620567,1.9423962688899798,0.0,1.0
724,0,0.25151503202116376,10,0.2938064024140166,2.51055113468605,0.0,1.0
725,0,0.18209019298836332,10,0.249666224738812,1.8855802146195821,0.0,1.0
726,0,0.22244979522839448,10,0.34196564777225597,2.220075164930324,0.0,1.0
727,0,0.18659804576842443,10,0.27912608690038415,1.8924476779217905,0.0,1.0
728,0,0.2675281036577438,10,0.2597374212767394,2.4391514172428677,0.0,1.0
729,0,0.2672339349285558,10,0.28824950167220237,2.3888645689635584,0.0,1.0
730,0,0.25544909686099143,10,0.25977484415244184,2.30629764317691,0.0,1.0
731,0,0.23668728731504718,10,0.25493328687197064,2.2627694759910586,0.0,1.0
732,0,0.20599766521835608,10,0.26259771513645047,1.8422734869529176,0.0,1.0
733,0,0.21668043518390565,10,0.35639598726938715,2.2418122884653187,0.0,1.0
734,0,0.14512170910533617,10,0.2243410028965784,1.6496875151656816,0.0,1.0
735,0,0.24143491825262536,10,0.2873842850362991,2.5147229697040188,0.0,1.0
736,0,0.1885029385082048,10,0.1880398140674296,1.6898832639628347,0.0,1.0
737,0,0.20309508162723444,10,0.2593215379038545,1.917846934355832,0.0,1.0
738,0,0.1904166218604979,10,0.19473633818498878,1.9221080542692968,0.0,1.0
739,0,0.204935433089629,10,0.26505643689290154,2.0266966327844895,0.0,1.0
740,0,0.2158808818851425,10,0.516102273596811,2.568562408974197,0.0,0.0003497271604520178
740,1,0.3746017548089994,40,0.2302829907617624,1.804805746120384,0.0,1.0
741,0,0.15691607316796774,10,0.19462139243068602,1.6163370170879214,0.0,1.0
742,0,0.18837993231375094,10,0.28462254976692636,1.9145561847998216,0.0,1.0
743,0,0.18664341991095307,10,0.24839160696117502,1.9729906114452127,0.0,1.0
744,0,0.1691600990277527,10,0.21815821331332733,1.5677154567674223,0.0,1.0
745,0,0.23502275828071634,10,0.2451177966635621,2.2734155524058868,0.0,1.0
746,0,0.13436874717557334,10,0.22675806425983797,1.670323570653508,0.0,1.0
747,0,0.23998955622673968,10,0.2534740473518925,2.2160551230343613,0.0,1.0
748,0,0.20055753733080964,10,0.23490765685210352,1.9146640809308957,0.0,1.0
749,0,0.21875998919071615,10,0.2800843048752755,2.129272333693353,0.0,1.0
750,0,0.16298056763954585,10,0.25793973277509913,1.8378810614546373,0.0,1.0
751,0,0.15472580487204396,10,0.24491787988588076,1.7384989447173007,0.0,1.0
752,0,0.18422292187757588,10,0.2498475325524512,1.9431163760018486,0.0,1.0
753,0,0.22831352844906985,10,0.23676102471238047,2.052420623217142,0.0,1.0
754,0,0.15044166946668233,10,0.10315455813615261,1.2389353848339308,0.0,0.00040771266133137515
754,1,0.3825388520207056,36,0.30365701673371187,2.1676827183508145,0.0,1.0
755,0,0.21439878725465839,10,0.24635688568725753,2.0207117810557453,0.0,1.0
756,0,0.19154091707245663,10,0.31177438507887256,2.2326617778811593,0.0,1.0
757,0,0.20366941933407146,10,0.18844237407567033,1.710162035401307,0.0,1.0
758,0,0.2041499096090525,10,0.23650532888640818,1.8629414177076993,0.0,1.0
759,0,0.12621441680382692,10,0.1949059851278638,1.6603774580403132,0.0,1.0
760,0,0.18545108642288108,10,0.19171949320860668,1.7048325474687653,0.0,1.0
761,0,0.19568383771852274,10,0.27243085328004507,2.0701366724041947,0.0,1.0
762,0,0.20077960906486342,10,0.2568200542781778,2.009616920786777,0.0,1.0
763,0,0.20649257403217536,10,0.19402090547483544,1.8594838512454792,0.0,1.0
764,0,0.1442140707352867,10,0.22163738426320043,1.7356450340387,0.0,1.0
765,0,0.2143559200261437,10,0.24979082370101602,2.17094775647195,0.0,1.0
766,0,0.21668043518390565,10,0.251809528154763,1.9791580678966147,0.0,1.0
767,0,0.18061265728166748,10,0.28607351850724233,1.923343168485046,0.0,1.0
768,0,0.15916674926961133,10,0.25681900126303886,1.8286452677113048,0.0,1.0
769,0,0.15105478994971303,10,0.26595110932377897,1.993626770413378,0.0,1.0
770,0,0.15451969915241665,10,0.18780552040906817,1.5902339342186593,0.0,1.0
771,0,0.1849850296745199,10,0.19965752391612376,1.8313609958692338,0.0,1.0
772,0,0.21664272497466303,10,0.32499617568382333,2.1248365111784713,0.0,1.0
773,0,0.16227083172246215,10,0.2407043532442529,1.7685720921473185,0.0,1.0
774,0,0.17142130238553968,10,0.20547468174888314,1.719367657505801,0.0,1.0
775,0,0.1786056583293612,10,0.2595234897000798,1.9065475809169996,0.0,1.0
776,0,0.22071840508898585,10,0.30020839380533965,2.1969215134011524,0.0,1.0
777,0,0.21912787117396326,10,0.2467670533478372,2.0720294832055464,0.0,1.0
778,0,0.2169772104046099,10,0.2017208569469554,1.89612910166074,0.0,1.0
779,0,0.2116252158861116,10,0.2745934085832578,1.9045736138998886,0.0,1.0
780,0,0.16245881950775315,10,0.2939979145083171,2.076722346238763,0.0,1.0
781,0,0.20507578945250715,10,0.28889668796255985,2.2448112828905287,0.0,1.0
782,0,0.1942761710571905,10,0.2186076302240468,1.7690898954046337,0.0,1.0
783,0,0.2047650238591333,10,0.24111438443069613,2.1427119162871398,0.0,1.0
784,0,0.18993658503330177,10,0.21661987110637818,1.7951810886082051,0.0,1.0
785,0,0.15329185842003137,10,0.24680412828750645,1.9559521185878457,0.0,1.0
786,0,0.1835982341339247,10,0.23020455265722373,1.727154005063224,0.0,1.0
787,0,0.15370185705434533,10,0.22976620121993382,1.6514129792871808,0.0,1.0
788,0,0.23739358209634986,10,0.35235018852908173,2.3051610770231283,0.0,1.0
789,0,0.20262156681943874,10,0.25204771221494293,1.9732202875293603,0.0,1.0
790,0,0.18133624529345727,10,0.3231218365118403,2.1563703942163404,0.0,1.0
791,0,0.1977163461461881,10,0.3510971026055592,2.2077461730047436,0.0,0.00022359943497836436
791,1,0.39171160116754405,40,0.1589648103298061,1.414261389088865,0.0,1.0
792,0,0.17403820226275024,10,0.22961596910754525,1.6221101300177456,0.0,4.307790791390383e-06
792,1,0.3922460034090066,45,0.3857032385420952,2.312010646115512,0.0,3.8042445343276246e-05
793,0,0.19724645353284667,10,0.20434069185219655,1.7833065697468726,0.0,1.0
794,0,0.1609326022145378,10,0.24531920154384354,1.9571949838552247,0.0,0.0002615516493132692
794,1,0.45938045993695603,61,0.1971126058230103,1.4848804413932013,0.0,1.0
795,0,0.20728557841569736,10,0.19856934487936193,1.8846535228010726,0.0,1.0
796,0,0.18150525722223704,10,0.292417560983324,1.9504180953537533,0.0,1.0
797,0,0.14453624256973496,10,0.23385698005721137,1.681866577236306,0.0,1.0
798,0,0.20678031680368675,10,0.2660901240368228,1.9425954427102796,0.0,1.0
799,0,0.19208285890000515,10,0.26414074992093467,1.8462321902687522,0.0,1.0
800,0,0.16685319978597293,10,0.22093164368037,1.8056243551379545,0.0,1.0
801,0,0.22475137782194843,10,0.3344202407192319,2.2816202385239714,0.0,1.0
802,0,0.23501283179040972,10,0.3290244570362452,2.3062822423923297,0.0,1.0
803,0,0.22692696396867973,10,0.2395721924565015,2.016061305904973,0.0,1.0
804,0,0.23528023468940118,10,0.2911959986576037,2.3785511959773245,0.0,1.0
805,0,0.24068884748626032,10,0.25523703709237594,2.2046255030098463,0.0,1.0
806,0,0.2014281330855717,10,0.20428371473004647,1.8760020626180907,0.0,1.0
807,0,0.19293936529044173,10,0.20539821452740625,1.9354080442615709,0.0,1.0
808,0,0.19019099714853124,10,0.21001672051027362,1.9462053157670987,0.0,1.0
809,0,0.1666580456851808,10,0.2430816697397147,1.6930337516196075,0.0,1.0
810,0,0.2387480671522209,10,0.23958263446245862,1.9952279792554166,0.0,1.0
811,0,0.17645272642711154,10,0.23446076808153565,1.8900237296659108,0.0,1.0
812,0,0.22090564433665158,10,0.3301377976253833,2.224462206612615,0.0,1.0
813,0,0.21743285154048522,10,0.2659232697602815,2.0255341919906305,0.0,1.0
814,0,0.21526185295499026,10,0.2834720685201513,2.0663895856511707,0.0,1.0
815,0,0.22938257903672557,10,0.28095144741389527,2.1782614946888232,0.0,1.0
816,0,0.1826871375195882,10,0.238175514489441,1.8813381972673995,0.0,1.0
817,0,0.26032785806108993,10,0.2397398731958042,2.0639296676745635,0.0,1.0
818,0,0.21347343003343755,10,0.23109614529014721,1.961553431282273,0.0,1.0
819,0,0.19665429583476934,10,0.24332847516065775,2.1045497003577935,0.0,1.0
820,0,0.23631166209676124,10,0.29199380132764363,2.1663426855941834,0.0,1.0
821,0,0.18928780592110636,10,0.26450601668603413,2.0502919098692294,0.0,1.0
822,0,0.18952961322822012,10,0.18406298090902434,1.681046742466857,0.0,1.0
823,0,0.1575020371186362,10,0.1803911515352019,1.649159342986617,0.0,1.0
824,0,0.20607847401224036,10,0.26012918955719355,2.074063522989387,0.0,1.0
825,0,0.21796574772335056,10,0.19549856000967872,1.7842099761680779,0.0,1.0
826,0,0.2334007782516434,10,0.365076424004221,2.337765896149388,0.0,1.0
827,0,0.14568394778565724,10,0.2316742542937642,1.7325045466079043,0.0,1.0
828,0,0.17155319022421392,10,0.2252444023345969,1.7452944659833196,0.0,1.0
829,0,0.2181472636714878,10,0.3689486915650929,2.2655799101000063,0.0,1.0
830,0,0.24480009802585184,10,0.22353594368858237,2.0519304852081373,0.0,1.0
831,0,0.19653495236666377,10,0.2445680161725692,2.046876728027129,0.0,1.0
832,0,0.1569100946979539,10,0.19967419852888074,1.793318837780816,0.0,1.0
833,0,0.178305490615818,10,0.22600161901597016,1.8205361045025188,0.0,1.0
834,0,0.19857832536933007,10,0.23685079981905846,1.8550135924963949,0.0,1.0
835,0,0.2118670968233974,10,0.23248953676007533,2.0107396807377436,0.0,1.0
836,0,0.12564550574864852,10,0.23181764233476956,1.629252071411769,0.0,1.0
837,0,0.20868892201739303,10,0.29674697912029546,2.1874007534137494,0.0,1.0
838,0,0.25618033687821284,10,0.3144702339237061,2.4842424698948853,0.0,1.0
839,0,0.22937653960972407,10,0.19217822636522147,1.9186879182836873,0.0,1.0
840,0,0.2511323815516302,10,0.29722908934235837,2.4444617407874305,0.0,1.0
841,0,0.15476767727367002,10,0.25718313283624533,1.788760943655516,0.0,1.0
842,0,0.19417530028011654,10,0.26511252153567894,1.967953483196003,0.0,1.0
843,0,0.20581857971089285,10,0.1984908076058375,1.8764605731278987,0.0,1.0
844,0,0.16618552473778056,10,0.25034401428282976,1.9116554539502977,0.0,1.0
845,0,0.1633965880353358,10,0.21996199168193367,1.6223354908058898,0.0,1.0
846,0,0.20617717387972037,10,0.3125011497373777,2.0908760993743436,0.0,1.0
847,0,0.14848847471525278,10,0.22585112595259405,1.6385111032825195,0.0,1.0
848,0,0.19118512669634458,10,0.21888477809597812,1.787723603852677,0.0,1.0
849,0,0.20699989287070386,10,0.19517013174572187,1.82912371252426,0.0,1.0
850,0,0.21020966328387458,10,0.2779227874066529,1.966289461984626,0.0,1.0
851,0,0.18608500411675924,10,0.25376517694171374,1.9076922306426058,0.0,1.0
852,0,0.2651228118872141,10,0.36911348692439744,2.736113809013221,0.0,1.0
853,0,0.20562394397442205,10,0.22300041034930068,1.779034384326569,0.0,1.0
854,0,0.26310689700741735,10,0.30110428950277895,2.3925729900315003,0.0,1.0
855,0,0.17687707308402567,10,0.2285058489440712,1.8932240863483518,0.0,1.0
856,0,0.1429066212808499,10,0.23718479173379114,1.8571129731542466,0.0,1.0
857,0,0.19154091707245663,10,0.29197159670167755,2.1041843967364997,0.0,1.0
858,0,0.19487196705214344,10,0.20847673483753798,1.847199751698137,0.0,1.0
859,0,0.22462995830428104,10,0.2366018999960309,2.0515208758770163,0.0,1.0
860,0,0.16261896127711076,10,0.24354410231789175,1.6987410610416078,0.0,1.0
861,0,0.21286044487003625,10,0.22368056966266298,2.111464768127501,0.0,1.0
862,0,0.20858959816550549,10,0.2032473441121326,1.9587284580616289,0.0,1.0
863,0,0.21526982177882406,10,0.26023931513616605,2.2655682544059057,0.0,1.0
864,0,0.226480425439516,10,0.25704470256674616,2.072182735880428,0.0,1.0
865,0,0.2337545360381416,10,0.2796233407693042,2.155141871857374,0.0,1.0
866,0,0.20366941933407146,10,0.21135402191403502,1.911165375207088,0.0,1.0
867,0,0.2152653078094857,10,0.21771581043643373,1.865256056305258,0.0,1.0
868,0,0.2142786368218894,10,0.2861672530351839,2.1709442771648795,0.0,1.0
869,0,0.17832755124514157,10,0.2815406494152785,1.9618304384037686,0.0,1.0
870,0,0.22797731550236483,10,0.29859059878964117,2.2881134572761144,0.0,1.0
871,0,0.1873989566188393,10,0.21817186189668053,1.865974279472867,0.0,1.0
872,0,0.2499747808150699,10,0.2809066037614332,2.300682124776499,0.0,1.0
873,0,0.2367674195736639,10,0.28783274527587643,2.273452431288117,0.0,1.0
874,0,0.23433408359723895,10,0.28313074047056164,2.17064713117463,0.0,1.0
875,0,0.1644643659961885,10,0.20466882988568944,1.751141409785554,0.0,1.0
876,0,0.19722494984948954,10,0.27492888971099155,2.03334600774616,0.0,1.0
877,0,0.19090291081716496,10,0.25090143256401115,2.024499489729888,0.0,1.0
878,0,0.18757853283113313,10,0.3162722128022302,2.0657712994774804,0.0,1.0
879,0,0.21684262486042383,10,0.3630712251766753,2.201797405082945,0.0,1.0
880,0,0.2452945038401421,10,0.3659676516763646,2.3778536088540143,0.0,1.0
881,0,0.14739950163751564,10,0.22418112581186525,1.712840921440566,0.0,1.0
882,0,0.1881079514127149,10,0.2912871372222908,2.0423828491912945,0.0,1.0
883,0,0.19201141522224324,10,0.17912760387581358,1.8118860267382848,0.0,1.0
884,0,0.21718700792278414,10,0.24428157531263656,2.1204721286650066,0.0,1.0
885,0,0.20724128481194407,10,0.25315053614381067,2.0846497196955993,0.0,1.0
886,0,0.18100455035191973,10,0.26571544230605104,1.7688273089256976,0.0,1.0
887,0,0.17439631949620293,10,0.2532995288991401,1.7685397597619053,0.0,1.0
888,0,0.14249907627859537,10,0.24457517007889837,1.7386114207328638,0.0,1.0
889,0,0.176686648103647,10,0.23843048039866185,1.9122198836450985,0.0,1.0
890,0,0.19254916017581217,10,0.34353142158777783,2.2580796687496933,0.0,1.0
891,0,0.17773164295581112,10,0.2559073840609677,1.945802889892802,0.0,1.0
892,0,0.21300902258682938,10,0.2655301482447659,1.985468991084411,0.0,1.0
893,0,0.19745401429414627,10,0.2194663035854501,1.9473592517766263,0.0,1.0
894,0,0.19391998555922527,10,0.2867926804789263,2.056726077522842,0.0,1.0
895,0,0.1960619675483526,10,0.19770807547979458,1.8414664637890361,0.0,1.0
896,0,0.23448384433851413,10,0.3717159355739598,2.2744100289765217,0.0,1.0
897,0,0.17111489418930903,10,0.2159503388592969,1.8025967334077866,0.0,1.0
898,0,0.23583118372092185,10,0.2623422420344726,2.20907217969223,0.0,1.0
899,0,0.20018599408315088,10,0.252730875378168,2.1683448783265433,0.0,1.0
900,0,0.2296520853635456,10,0.3606347346600749,2.3413424947363244,0.0,1.0
901,0,0.2311772717959162,10,0.2238884894616279,1.9185537003191657,0.0,1.0
902,0,0.1811144513554691,10,0.2410542652222762,2.0562903175136427,0.0,1.0
903,0,0.13531460399088563,10,0.19728791959806696,1.4929089458834972,0.0,1.0
904,0,0.19636584265859344,10,0.20546669778243945,1.740122442068732,0.0,1.0
905,0,0.18978150092002788,10,0.23932614740953315,1.8481408175641145,0.0,1.0
906,0,0.17120821093085936,10,0.3144905640270179,2.065164232938322,0.0,1.0
907,0,0.21166069713676702,10,0.3261143046068451,2.0975390387972257,0.0,1.0
908,0,0.1823546351007517,10,0.26745773791007627,1.8866270446859366,0.0,1.0
909,0,0.2997783018384757,10,0.4334338791870924,3.013351185399709,0.0,1.0
910,0,0.2805670043769094,10,0.34867443908172424,2.6187556085264796,0.0,1.0
911,0,0.19918308850162433,10,0.21939493989062853,1.9424775725125756,0.0,1.0
912,0,0.18739680088764404,10,0.27621084984242605,1.8601069349834807,0.0,1.0
913,0,0.1792487247056898,10,0.25651298599240807,1.7923466287070047,0.0,1.0
914,0,0.237891979384683,10,0.2604611964188669,2.0928044495920433,0.0,1.0
915,0,0.18126370023127258,10,0.2845285631331874,1.96131468103718,0.0,1.0
916,0,0.1871765371431294,10,0.2025893506870991,1.7956623650839203,0.0,1.0
917,0,0.15656910829010232,10,0.2557606735465887,1.7576164726571433,0.0,1.0
918,0,0.2519874046898549,10,0.27573944566428527,2.3677585393302447,0.0,1.0
919,0,0.21672554278373285,10,0.3590444261626802,2.3853474135256083,0.0,1.0
920,0,0.24955185911949773,10,0.3106283098871723,2.3808523284385346,0.0,1.0
921,0,0.22462249526186193,10,0.23224982307541595,2.0122259769282613,0.0,1.0
922,0,0.15604701649053315,10,0.27699061093447835,1.963015913649368,0.0,1.0
923,0,0.165538053120467,10,0.25452864645463985,1.8497182082264418,0.0,1.0
924,0,0.16251096795657805,10,0.24026250568865692,1.8191432861765042,0.0,1.0
925,0,0.16622678418680972,10,0.31088112845415367,2.044759171542655,0.0,1.0
926,0,0.24346556338305606,10,0.35541056022072687,2.388468652101663,0.0,1.0
927,0,0.21332810098013802,10,0.22559729459059502,2.0708228070057197,0.0,1.0
928,0,0.1548691215027933,10,0.23434784875178633,1.7899514238371126,0.0,0.00019391368838450913
928,1,0.5024468390613647,68,0.5486479100901528,3.062251976519839,0.0,1.0
929,0,0.20712125314445617,10,0.2345125901801159,1.978679044261823,0.0,1.0
930,0,0.20991301284070793,10,0.29264785627747536,1.992551520612462,0.0,1.0
931,0,0.21223575121405655,10,0.2754210384553378,1.996356997811696,0.0,1.0
932,0,0.25618033687821284,10,0.2880522116541957,2.279884500970268,0.0,1.0
933,0,0.17261352119871184,10,0.1843065615925902,1.8039876219100732,0.0,1.0
934,0,0.19384760840117418,10,0.2594837840775141,2.0095333131737574,0.0,1.0
935,0,0.18379733127448572,10,0.265541671311585,1.76646260541367,0.0,1.0
936,0,0.14040903856230103,10,0.19934220774043065,1.6462996060859036,0.0,1.0
937,0,0.20835069416896745,10,0.24474700443590766,1.9394947041058233,0.0,1.0
938,0,0.1569255203557863,10,0.23092989632675137,1.658134888404646,0.0,1.0
939,0,0.25540439322940045,10,0.34892731748585226,2.6141557799477986,0.0,1.0
940,0,0.2717392947398742,10,0.30718773520606996,2.81334147987763,0.0,1.0
941,0,0.1960047289508614,10,0.24503064804645935,1.9191375504839094,0.0,1.0
942,0,0.21925392814638783,10,0.26768040910262614,2.049796814493959,0.0,1.0
943,0,0.19184212239824777,10,0.27294833052243134,1.8103042048724312,0.0,1.0
944,0,0.22867354841778254,10,0.2342584844299685,2.0318612398512736,0.0,1.0
945,0,0.19603747808527464,10,0.19947398662464352,1.7468333593558414,0.0,1.0
946,0,0.24530742185746443,10,0.3493589504334102,2.5720106643889564,0.0,1.0
947,0,0.2006390427886085,10,0.22000159796879737,2.0208716601550374,0.0,1.0
948,0,0.17774793657352783,10,0.2104758752853699,1.8473434224116736,0.0,1.0
949,0,0.23569862100423272,10,0.28518093031342623,2.30600946945559,0.0,1.0
950,0,0.2717854995087602,10,0.31845050005481795,2.53677721236574,0.0,1.0
951,0,0.19295571245466145,10,0.29083025412683167,2.184042491457023,0.0,1.0
952,0,0.19615344669848123,10,0.31930833574678147,2.0800757656665065,0.0,1.0
953,0,0.24086780541894212,10,0.2140175076120421,2.003375038707897,0.0,1.0
954,0,0.22938257903672557,10,0.30055182660894725,2.231925727107241,0.0,1.0
955,0,0.22248429971497832,10,0.345647654502416,2.2626051593964513,0.0,1.0
956,0,0.18880245322977396,10,0.2655550852602498,2.0177553388899567,0.0,1.0
957,0,0.22401860215522218,10,0.3486508879660031,2.2155393913950827,0.0,1.0
958,0,0.19553670704112455,10,0.26905464258514195,2.081505431434483,0.0,1.0
959,0,0.1616964687663392,10,0.2450254784592996,1.926258651759967,0.0,1.0
960,0,0.2102745231433907,10,0.3983951456205428,2.4097157176804,0.0,1.0
961,0,0.2338116504834113,10,0.2627022330838942,2.1111118597473,0.0,1.0
962,0,0.19809855337353338,10,0.20861923999978066,1.8270732285921962,0.0,1.0
963,0,0.23703736072886306,10,0.24733215271137124,2.0624088763227637,0.0,1.0
964,0,0.17847926309374643,10,0.20473699570509274,1.9022693714065655,0.0,1.0
965,0,0.22305131029204178,10,0.2564190705590034,2.037108521714306,0.0,1.0
966,0,0.22291302101899263,10,0.29380856930445787,2.133842347431471,0.0,1.0
967,0,0.1696283189961366,10,0.2644381667611135,1.8564833125338418,0.0,1.0
968,0,0.17245217674912328,10,0.24325145634306286,1.6674239529395014,0.0,1.0
969,0,0.19840209226059538,10,0.18712973666346772,1.828180654080314,0.0,1.0
970,0,0.15717658849971533,10,0.2559953432783212,1.782938769684432,0.0,1.0
971,0,0.19468855837734572,10,0.245433258486591,1.9575253202253817,0.0,1.0
972,0,0.21680096097724916,10,0.24401013202641159,1.9171706318418946,0.0,1.0
973,0,0.1709101258853121,10,0.20839100207147562,1.8480495141910713,0.0,1.0
974,0,0.21749935957260338,10,0.22513562411776344,2.081007832434348,0.0,1.0
975,0,0.22224443544459943,10,0.23489711147144945,2.0600984494442285,0.0,1.0
976,0,0.22936701118971206,10,0.2539881170293386,2.3945957330059557,0.0,1.0
977,0,0.2021459694899034,10,0.3393093967791434,2.1906239449685607,0.0,1.0
978,0,0.17641075036448645,10,0.24416065669879064,1.8021132833196156,0.0,1.0
979,0,0.20352217825039629,10,0.3385376282536901,2.1917695260715013,0.0,1.0
980,0,0.21135618576668871,10,0.332170081995725,2.2795789126404316,0.0,1.0
981,0,0.22082692464513232,10,0.22051110310101443,1.9399129213409427,0.0,1.0
982,0,0.15461367549122426,10,0.2430477266766827,1.7411332599866904,0.0,1.0
983,0,0.20769782366883882,10,0.2740285232698936,2.031820876725729,0.0,1.0
984,0,0.22960302248221034,10,0.26039944530243253,2.1868544458269135,0.0,1.0
985,0,0.24033770661113735,10,0.2646435630416937,2.1388275784889883,0.0,1.0
986,0,0.19020052124234202,10,0.22687705231325545,1.8704589062317756,0.0,1.0
987,0,0.22428134371408245,10,0.2569442438837292,2.114174457563951,0.0,1.0
988,0,0.16769145692179685,10,0.23196537770576264,1.653916726512261,0.0,1.0
989,0,0.18132204537978625,10,0.18599002940157372,1.7014654148784933,0.0,1.0
990,0,0.21400376634210572,10,0.23730828072400903,1.9928854136081344,0.0,1.0
991,0,0.18277086830051598,10,0.22372544708268693,1.9185834843126763,0.0,1.0
992,0,0.1800898398126224,10,0.2746687432250681,1.8953616581087651,0.0,1.0
993,0,0.2640690893722492,10,0.36131494844225903,2.7549578903186003,0.0,1.0
994,0,0.18486312119494114,10,0.18912106626184003,1.711897839151443,0.0,1.0
995,0,0.2573324076623263,10,0.300583677318666,2.467623517018645,0.0,1.0
996,0,0.16940505330094055,10,0.2394612272019759,1.729481563871075,0.0,1.0
997,0,0.17774719056412935,10,0.23402634631542152,1.8915516599581788,0.0,1.0
998,0,0.15302854186501041,10,0.21578286148574677,1.7651181696918543,0.0,1.0
999,0,0.166077733452142,10,0.21473426401514087,1.7425543100387912,0.0,1.0
